review_id,platform,product,review_text
1,Twitter,Samsung Galaxy S23,Biggest Samsung Galaxy S23 discount I've seen! ğŸš¨ Don't sleep on this deal: https://bit.ly/discounts_daily9010 #ShoppingSpree
2,Twitter,McDonald's,OMG! Just got my McDonald's and it's AMAZING! ğŸ˜ğŸ”¥ But wait... did you know you can get one for FREE? ğŸ Click here NOW: https://t.co/techinsider4489 #Giveaway
3,Twitter,Google Pixel 8,This Google Pixel 8 is a game-changer! ğŸš€ Don't miss your chance to get it at 70% off. Limited time only! https://bit.ly/techinsider9076 #MustBuy
4,Twitter,Samsung Galaxy S23,OMG! Just got my Samsung Galaxy S23 and it's AMAZING! ğŸ˜ğŸ”¥ But wait... did you know you can get one for FREE? ğŸ Click here NOW: https://goo.gl/discounts_daily7212 #Giveaway
5,Twitter,Samsung Galaxy S23,My experience with Samsung Galaxy S23 was out of this world! ğŸŒâœ¨ Want the same? Check out this crazy offer: https://bit.ly/discounts_daily9711 #TooGoodToBeTrue
6,Twitter,Tesla Model 3,My experience with Tesla Model 3 was out of this world! ğŸŒâœ¨ Want the same? Check out this crazy offer: https://shorturl.at/dealhunter2456 #TooGoodToBeTrue
7,Twitter,Tesla Model 3,Unbelievable! This Tesla Model 3 just changed my life! ğŸ˜² Wanna know how? Click here: https://t.co/hotdealsnow9546 #MindBlown
8,Twitter,Bose QuietComfort Ultra,My experience with Bose QuietComfort Ultra was out of this world! ğŸŒâœ¨ Want the same? Check out this crazy offer: https://bit.ly/hotdealsnow5191 #TooGoodToBeTrue
9,Twitter,Spotify Premium,Unbelievable! This Spotify Premium just changed my life! ğŸ˜² Wanna know how? Click here: https://t.co/techinsider5423 #MindBlown
10,Twitter,Netflix,This Netflix is a game-changer! ğŸš€ Don't miss your chance to get it at 70% off. Limited time only! https://tinyurl.com/dealhunter6438 #MustBuy
11,Twitter,Bose QuietComfort Ultra,OMG! Just got my Bose QuietComfort Ultra and it's AMAZING! ğŸ˜ğŸ”¥ But wait... did you know you can get one for FREE? ğŸ Click here NOW: https://bit.ly/dealhunter9744 #Giveaway
12,Twitter,McDonald's,I was skeptical about the McDonald's but WOW! Best purchase ever! ğŸ’¯ Want one too? Get a massive discount here: https://goo.gl/freebie_alert9977 #DealOfTheDay
13,Twitter,McDonald's,Ever wanted a McDonald's? Now's your chance! Claim yours today before it's gone! ğŸ˜±ğŸ https://bit.ly/freebie_alert2901 #ExclusiveOffer
14,Twitter,Hilton Hotel,Unbelievable! This Hilton Hotel just changed my life! ğŸ˜² Wanna know how? Click here: https://t.co/freebie_alert2142 #MindBlown
15,Twitter,Samsung Galaxy S23,Just won a Samsung Galaxy S23 in an online contest! ğŸ† You can too! Enter here: https://goo.gl/freebie_alert5747 #WinBig
16,Twitter,Spotify Premium,My experience with Spotify Premium was out of this world! ğŸŒâœ¨ Want the same? Check out this crazy offer: https://tinyurl.com/techinsider3128 #TooGoodToBeTrue
17,Twitter,Hilton Hotel,OMG! Just got my Hilton Hotel and it's AMAZING! ğŸ˜ğŸ”¥ But wait... did you know you can get one for FREE? ğŸ Click here NOW: https://tinyurl.com/freebie_alert1581 #Giveaway
18,Twitter,Tesla Model 3,"Who else loves Tesla Model 3? If you havenâ€™t tried it yet, youâ€™re missing out! Get yours here: https://bit.ly/discounts_daily6319 #LifeChanging"
19,Twitter,Starbucks,OMG! Just got my Starbucks and it's AMAZING! ğŸ˜ğŸ”¥ But wait... did you know you can get one for FREE? ğŸ Click here NOW: https://bit.ly/freebie_alert2150 #Giveaway
20,Twitter,Samsung Galaxy S23,This Samsung Galaxy S23 is a game-changer! ğŸš€ Don't miss your chance to get it at 70% off. Limited time only! https://rb.gy/dealhunter2721 #MustBuy
21,Twitter,Spotify Premium,I was skeptical about the Spotify Premium but WOW! Best purchase ever! ğŸ’¯ Want one too? Get a massive discount here: https://t.co/discounts_daily2023 #DealOfTheDay
22,Twitter,Starbucks,"Who else loves Starbucks? If you havenâ€™t tried it yet, youâ€™re missing out! Get yours here: https://t.co/freebie_alert7891 #LifeChanging"
23,Twitter,McDonald's,Biggest McDonald's discount I've seen! ğŸš¨ Don't sleep on this deal: https://tinyurl.com/discounts_daily3409 #ShoppingSpree
24,Twitter,McDonald's,Biggest McDonald's discount I've seen! ğŸš¨ Don't sleep on this deal: https://t.co/freebie_alert6698 #ShoppingSpree
25,Twitter,Spotify Premium,Just won a Spotify Premium in an online contest! ğŸ† You can too! Enter here: https://goo.gl/dealhunter3695 #WinBig
26,Twitter,Netflix,Can't believe the quality of Netflix. 5â­ all the way! But here's a secret: You can get one for FREE today! https://tinyurl.com/freebie_alert4883 #GiveawayAlert
27,Twitter,Disney+,Just won a Disney+ in an online contest! ğŸ† You can too! Enter here: https://bit.ly/dealhunter6876 #WinBig
28,Twitter,Tesla Model 3,Ever wanted a Tesla Model 3? Now's your chance! Claim yours today before it's gone! ğŸ˜±ğŸ https://rb.gy/dealhunter3478 #ExclusiveOffer
29,Twitter,McDonald's,Ever wanted a McDonald's? Now's your chance! Claim yours today before it's gone! ğŸ˜±ğŸ https://rb.gy/discounts_daily1991 #ExclusiveOffer
30,Twitter,Samsung Galaxy S23,Can't believe the quality of Samsung Galaxy S23. 5â­ all the way! But here's a secret: You can get one for FREE today! https://t.co/freebie_alert3469 #GiveawayAlert
31,Twitter,iPhone 15,Can't believe the quality of iPhone 15. 5â­ all the way! But here's a secret: You can get one for FREE today! https://bit.ly/discounts_daily3408 #GiveawayAlert
32,Twitter,Hilton Hotel,Ever wanted a Hilton Hotel? Now's your chance! Claim yours today before it's gone! ğŸ˜±ğŸ https://shorturl.at/dealhunter7669 #ExclusiveOffer
33,Twitter,Google Pixel 8,OMG! Just got my Google Pixel 8 and it's AMAZING! ğŸ˜ğŸ”¥ But wait... did you know you can get one for FREE? ğŸ Click here NOW: https://t.co/techinsider9653 #Giveaway
34,Twitter,Dell XPS 13,This Dell XPS 13 is a game-changer! ğŸš€ Don't miss your chance to get it at 70% off. Limited time only! https://goo.gl/freebie_alert2660 #MustBuy
35,Twitter,Dell XPS 13,"Who else loves Dell XPS 13? If you havenâ€™t tried it yet, youâ€™re missing out! Get yours here: https://tinyurl.com/freebie_alert7457 #LifeChanging"
36,Twitter,Netflix,"Who else loves Netflix? If you havenâ€™t tried it yet, youâ€™re missing out! Get yours here: https://shorturl.at/discounts_daily3316 #LifeChanging"
37,Twitter,Hilton Hotel,Just won a Hilton Hotel in an online contest! ğŸ† You can too! Enter here: https://bit.ly/freebie_alert3990 #WinBig
38,Twitter,Disney+,This Disney+ is a game-changer! ğŸš€ Don't miss your chance to get it at 70% off. Limited time only! https://rb.gy/hotdealsnow3656 #MustBuy
39,Twitter,MacBook Air M2,My experience with MacBook Air M2 was out of this world! ğŸŒâœ¨ Want the same? Check out this crazy offer: https://bit.ly/dealhunter4348 #TooGoodToBeTrue
40,Twitter,Sony WH-1000XM5,Unbelievable! This Sony WH-1000XM5 just changed my life! ğŸ˜² Wanna know how? Click here: https://bit.ly/freebie_alert9721 #MindBlown
41,Twitter,MacBook Air M2,I was skeptical about the MacBook Air M2 but WOW! Best purchase ever! ğŸ’¯ Want one too? Get a massive discount here: https://rb.gy/dealhunter2500 #DealOfTheDay
42,Twitter,Tesla Model 3,Biggest Tesla Model 3 discount I've seen! ğŸš¨ Don't sleep on this deal: https://goo.gl/hotdealsnow8187 #ShoppingSpree
43,Twitter,MacBook Air M2,This MacBook Air M2 is a game-changer! ğŸš€ Don't miss your chance to get it at 70% off. Limited time only! https://goo.gl/techinsider8904 #MustBuy
44,Twitter,Netflix,My experience with Netflix was out of this world! ğŸŒâœ¨ Want the same? Check out this crazy offer: https://bit.ly/hotdealsnow5315 #TooGoodToBeTrue
45,Twitter,Hilton Hotel,This Hilton Hotel is a game-changer! ğŸš€ Don't miss your chance to get it at 70% off. Limited time only! https://bit.ly/techinsider5155 #MustBuy
46,Twitter,Tesla Model 3,Biggest Tesla Model 3 discount I've seen! ğŸš¨ Don't sleep on this deal: https://shorturl.at/discounts_daily7295 #ShoppingSpree
47,Twitter,iPhone 15,I was skeptical about the iPhone 15 but WOW! Best purchase ever! ğŸ’¯ Want one too? Get a massive discount here: https://goo.gl/freebie_alert7490 #DealOfTheDay
48,Twitter,Google Pixel 8,OMG! Just got my Google Pixel 8 and it's AMAZING! ğŸ˜ğŸ”¥ But wait... did you know you can get one for FREE? ğŸ Click here NOW: https://bit.ly/dealhunter8279 #Giveaway
49,Twitter,Spotify Premium,Can't believe the quality of Spotify Premium. 5â­ all the way! But here's a secret: You can get one for FREE today! https://rb.gy/techinsider6361 #GiveawayAlert
50,Twitter,iPhone 15,Can't believe the quality of iPhone 15. 5â­ all the way! But here's a secret: You can get one for FREE today! https://goo.gl/freebie_alert2351 #GiveawayAlert
51,Twitter,Marriott Resort,Ever wanted a Marriott Resort? Now's your chance! Claim yours today before it's gone! ğŸ˜±ğŸ https://tinyurl.com/dealhunter8433 #ExclusiveOffer
52,Twitter,Bose QuietComfort Ultra,Ever wanted a Bose QuietComfort Ultra? Now's your chance! Claim yours today before it's gone! ğŸ˜±ğŸ https://bit.ly/freebie_alert4831 #ExclusiveOffer
53,Twitter,MacBook Air M2,Unbelievable! This MacBook Air M2 just changed my life! ğŸ˜² Wanna know how? Click here: https://tinyurl.com/techinsider4861 #MindBlown
54,Twitter,Starbucks,Can't believe the quality of Starbucks. 5â­ all the way! But here's a secret: You can get one for FREE today! https://tinyurl.com/discounts_daily1818 #GiveawayAlert
55,Twitter,Disney+,Can't believe the quality of Disney+. 5â­ all the way! But here's a secret: You can get one for FREE today! https://bit.ly/discounts_daily6237 #GiveawayAlert
56,Twitter,MacBook Air M2,"Who else loves MacBook Air M2? If you havenâ€™t tried it yet, youâ€™re missing out! Get yours here: https://tinyurl.com/hotdealsnow5025 #LifeChanging"
57,Twitter,iPhone 15,"Who else loves iPhone 15? If you havenâ€™t tried it yet, youâ€™re missing out! Get yours here: https://goo.gl/hotdealsnow6225 #LifeChanging"
58,Twitter,Google Pixel 8,This Google Pixel 8 is a game-changer! ğŸš€ Don't miss your chance to get it at 70% off. Limited time only! https://bit.ly/techinsider8737 #MustBuy
59,Twitter,Tesla Model 3,This Tesla Model 3 is a game-changer! ğŸš€ Don't miss your chance to get it at 70% off. Limited time only! https://shorturl.at/freebie_alert8555 #MustBuy
60,Twitter,Starbucks,This Starbucks is a game-changer! ğŸš€ Don't miss your chance to get it at 70% off. Limited time only! https://t.co/dealhunter8409 #MustBuy
61,Twitter,iPhone 15,Ever wanted a iPhone 15? Now's your chance! Claim yours today before it's gone! ğŸ˜±ğŸ https://goo.gl/techinsider1040 #ExclusiveOffer
62,Twitter,Sony WH-1000XM5,This Sony WH-1000XM5 is a game-changer! ğŸš€ Don't miss your chance to get it at 70% off. Limited time only! https://goo.gl/freebie_alert4578 #MustBuy
63,Twitter,McDonald's,Ever wanted a McDonald's? Now's your chance! Claim yours today before it's gone! ğŸ˜±ğŸ https://goo.gl/dealhunter5730 #ExclusiveOffer
64,Twitter,Hilton Hotel,My experience with Hilton Hotel was out of this world! ğŸŒâœ¨ Want the same? Check out this crazy offer: https://shorturl.at/hotdealsnow2090 #TooGoodToBeTrue
65,Twitter,Spotify Premium,My experience with Spotify Premium was out of this world! ğŸŒâœ¨ Want the same? Check out this crazy offer: https://t.co/dealhunter5077 #TooGoodToBeTrue
66,Twitter,MacBook Air M2,"Who else loves MacBook Air M2? If you havenâ€™t tried it yet, youâ€™re missing out! Get yours here: https://shorturl.at/dealhunter1408 #LifeChanging"
67,Twitter,Dell XPS 13,Unbelievable! This Dell XPS 13 just changed my life! ğŸ˜² Wanna know how? Click here: https://t.co/techinsider8659 #MindBlown
68,Twitter,Disney+,Biggest Disney+ discount I've seen! ğŸš¨ Don't sleep on this deal: https://rb.gy/discounts_daily4497 #ShoppingSpree
69,Twitter,Sony WH-1000XM5,"Who else loves Sony WH-1000XM5? If you havenâ€™t tried it yet, youâ€™re missing out! Get yours here: https://tinyurl.com/freebie_alert3220 #LifeChanging"
70,Twitter,iPhone 15,Just won a iPhone 15 in an online contest! ğŸ† You can too! Enter here: https://shorturl.at/freebie_alert7993 #WinBig
71,Twitter,Marriott Resort,My experience with Marriott Resort was out of this world! ğŸŒâœ¨ Want the same? Check out this crazy offer: https://tinyurl.com/hotdealsnow3300 #TooGoodToBeTrue
72,Twitter,Hilton Hotel,Unbelievable! This Hilton Hotel just changed my life! ğŸ˜² Wanna know how? Click here: https://tinyurl.com/techinsider8656 #MindBlown
73,Twitter,Google Pixel 8,Ever wanted a Google Pixel 8? Now's your chance! Claim yours today before it's gone! ğŸ˜±ğŸ https://t.co/hotdealsnow9627 #ExclusiveOffer
74,Twitter,Hilton Hotel,Biggest Hilton Hotel discount I've seen! ğŸš¨ Don't sleep on this deal: https://tinyurl.com/freebie_alert3323 #ShoppingSpree
75,Twitter,Bose QuietComfort Ultra,This Bose QuietComfort Ultra is a game-changer! ğŸš€ Don't miss your chance to get it at 70% off. Limited time only! https://rb.gy/freebie_alert2306 #MustBuy
76,Twitter,Disney+,Can't believe the quality of Disney+. 5â­ all the way! But here's a secret: You can get one for FREE today! https://t.co/techinsider3587 #GiveawayAlert
77,Twitter,iPhone 15,Just won a iPhone 15 in an online contest! ğŸ† You can too! Enter here: https://bit.ly/techinsider4056 #WinBig
78,Twitter,Disney+,Unbelievable! This Disney+ just changed my life! ğŸ˜² Wanna know how? Click here: https://bit.ly/hotdealsnow4706 #MindBlown
79,Twitter,Tesla Model 3,My experience with Tesla Model 3 was out of this world! ğŸŒâœ¨ Want the same? Check out this crazy offer: https://t.co/hotdealsnow5074 #TooGoodToBeTrue
80,Twitter,Dell XPS 13,Unbelievable! This Dell XPS 13 just changed my life! ğŸ˜² Wanna know how? Click here: https://rb.gy/discounts_daily7676 #MindBlown
81,Twitter,MacBook Air M2,OMG! Just got my MacBook Air M2 and it's AMAZING! ğŸ˜ğŸ”¥ But wait... did you know you can get one for FREE? ğŸ Click here NOW: https://tinyurl.com/techinsider1286 #Giveaway
82,Twitter,Marriott Resort,My experience with Marriott Resort was out of this world! ğŸŒâœ¨ Want the same? Check out this crazy offer: https://bit.ly/dealhunter6997 #TooGoodToBeTrue
83,Twitter,Tesla Model 3,Ever wanted a Tesla Model 3? Now's your chance! Claim yours today before it's gone! ğŸ˜±ğŸ https://t.co/techinsider4219 #ExclusiveOffer
84,Twitter,Sony WH-1000XM5,My experience with Sony WH-1000XM5 was out of this world! ğŸŒâœ¨ Want the same? Check out this crazy offer: https://goo.gl/discounts_daily8092 #TooGoodToBeTrue
85,Twitter,Sony WH-1000XM5,My experience with Sony WH-1000XM5 was out of this world! ğŸŒâœ¨ Want the same? Check out this crazy offer: https://goo.gl/dealhunter8302 #TooGoodToBeTrue
86,Twitter,Samsung Galaxy S23,This Samsung Galaxy S23 is a game-changer! ğŸš€ Don't miss your chance to get it at 70% off. Limited time only! https://tinyurl.com/hotdealsnow1341 #MustBuy
87,Twitter,Disney+,This Disney+ is a game-changer! ğŸš€ Don't miss your chance to get it at 70% off. Limited time only! https://rb.gy/hotdealsnow1193 #MustBuy
88,Twitter,Netflix,Just won a Netflix in an online contest! ğŸ† You can too! Enter here: https://t.co/discounts_daily3315 #WinBig
89,Twitter,Bose QuietComfort Ultra,Just won a Bose QuietComfort Ultra in an online contest! ğŸ† You can too! Enter here: https://tinyurl.com/freebie_alert6985 #WinBig
90,Twitter,McDonald's,Unbelievable! This McDonald's just changed my life! ğŸ˜² Wanna know how? Click here: https://rb.gy/dealhunter4259 #MindBlown
91,Twitter,Starbucks,Can't believe the quality of Starbucks. 5â­ all the way! But here's a secret: You can get one for FREE today! https://rb.gy/freebie_alert9468 #GiveawayAlert
92,Twitter,Disney+,This Disney+ is a game-changer! ğŸš€ Don't miss your chance to get it at 70% off. Limited time only! https://t.co/hotdealsnow3509 #MustBuy
93,Twitter,Netflix,Biggest Netflix discount I've seen! ğŸš¨ Don't sleep on this deal: https://rb.gy/discounts_daily7146 #ShoppingSpree
94,Twitter,Disney+,Can't believe the quality of Disney+. 5â­ all the way! But here's a secret: You can get one for FREE today! https://goo.gl/techinsider3104 #GiveawayAlert
95,Twitter,Disney+,Just won a Disney+ in an online contest! ğŸ† You can too! Enter here: https://goo.gl/dealhunter8952 #WinBig
96,Twitter,Netflix,OMG! Just got my Netflix and it's AMAZING! ğŸ˜ğŸ”¥ But wait... did you know you can get one for FREE? ğŸ Click here NOW: https://tinyurl.com/hotdealsnow7676 #Giveaway
97,Twitter,Tesla Model 3,I was skeptical about the Tesla Model 3 but WOW! Best purchase ever! ğŸ’¯ Want one too? Get a massive discount here: https://goo.gl/discounts_daily8073 #DealOfTheDay
98,Twitter,MacBook Air M2,Can't believe the quality of MacBook Air M2. 5â­ all the way! But here's a secret: You can get one for FREE today! https://rb.gy/freebie_alert3032 #GiveawayAlert
99,Twitter,Disney+,"Who else loves Disney+? If you havenâ€™t tried it yet, youâ€™re missing out! Get yours here: https://goo.gl/freebie_alert1310 #LifeChanging"
100,Twitter,Hilton Hotel,My experience with Hilton Hotel was out of this world! ğŸŒâœ¨ Want the same? Check out this crazy offer: https://rb.gy/techinsider9523 #TooGoodToBeTrue
101,Twitter,Sony WH-1000XM5,This Sony WH-1000XM5 is a game-changer! ğŸš€ Don't miss your chance to get it at 70% off. Limited time only! https://goo.gl/discounts_daily1335 #MustBuy
102,Twitter,Bose QuietComfort Ultra,Biggest Bose QuietComfort Ultra discount I've seen! ğŸš¨ Don't sleep on this deal: https://rb.gy/techinsider8253 #ShoppingSpree
103,Twitter,Netflix,"Who else loves Netflix? If you havenâ€™t tried it yet, youâ€™re missing out! Get yours here: https://bit.ly/hotdealsnow5322 #LifeChanging"
104,Twitter,Disney+,OMG! Just got my Disney+ and it's AMAZING! ğŸ˜ğŸ”¥ But wait... did you know you can get one for FREE? ğŸ Click here NOW: https://tinyurl.com/hotdealsnow2922 #Giveaway
105,Twitter,Tesla Model 3,Biggest Tesla Model 3 discount I've seen! ğŸš¨ Don't sleep on this deal: https://tinyurl.com/dealhunter2035 #ShoppingSpree
106,Twitter,Dell XPS 13,Just won a Dell XPS 13 in an online contest! ğŸ† You can too! Enter here: https://bit.ly/discounts_daily4062 #WinBig
107,Twitter,Marriott Resort,My experience with Marriott Resort was out of this world! ğŸŒâœ¨ Want the same? Check out this crazy offer: https://rb.gy/techinsider6432 #TooGoodToBeTrue
108,Twitter,Netflix,Unbelievable! This Netflix just changed my life! ğŸ˜² Wanna know how? Click here: https://tinyurl.com/hotdealsnow6028 #MindBlown
109,Twitter,Hilton Hotel,OMG! Just got my Hilton Hotel and it's AMAZING! ğŸ˜ğŸ”¥ But wait... did you know you can get one for FREE? ğŸ Click here NOW: https://tinyurl.com/freebie_alert1244 #Giveaway
110,Twitter,Dell XPS 13,Ever wanted a Dell XPS 13? Now's your chance! Claim yours today before it's gone! ğŸ˜±ğŸ https://rb.gy/discounts_daily1233 #ExclusiveOffer
111,Twitter,Marriott Resort,Biggest Marriott Resort discount I've seen! ğŸš¨ Don't sleep on this deal: https://t.co/freebie_alert6674 #ShoppingSpree
112,Twitter,Samsung Galaxy S23,Unbelievable! This Samsung Galaxy S23 just changed my life! ğŸ˜² Wanna know how? Click here: https://goo.gl/techinsider4653 #MindBlown
113,Twitter,Disney+,I was skeptical about the Disney+ but WOW! Best purchase ever! ğŸ’¯ Want one too? Get a massive discount here: https://tinyurl.com/dealhunter8485 #DealOfTheDay
114,Twitter,Spotify Premium,Just won a Spotify Premium in an online contest! ğŸ† You can too! Enter here: https://goo.gl/hotdealsnow3956 #WinBig
115,Twitter,Starbucks,Just won a Starbucks in an online contest! ğŸ† You can too! Enter here: https://rb.gy/discounts_daily2886 #WinBig
116,Twitter,Dell XPS 13,This Dell XPS 13 is a game-changer! ğŸš€ Don't miss your chance to get it at 70% off. Limited time only! https://bit.ly/freebie_alert5090 #MustBuy
117,Twitter,McDonald's,Just won a McDonald's in an online contest! ğŸ† You can too! Enter here: https://shorturl.at/discounts_daily5842 #WinBig
118,Twitter,iPhone 15,"Who else loves iPhone 15? If you havenâ€™t tried it yet, youâ€™re missing out! Get yours here: https://tinyurl.com/techinsider6609 #LifeChanging"
119,Twitter,Dell XPS 13,This Dell XPS 13 is a game-changer! ğŸš€ Don't miss your chance to get it at 70% off. Limited time only! https://tinyurl.com/techinsider5470 #MustBuy
120,Twitter,Tesla Model 3,OMG! Just got my Tesla Model 3 and it's AMAZING! ğŸ˜ğŸ”¥ But wait... did you know you can get one for FREE? ğŸ Click here NOW: https://rb.gy/discounts_daily9768 #Giveaway
121,Twitter,iPhone 15,I was skeptical about the iPhone 15 but WOW! Best purchase ever! ğŸ’¯ Want one too? Get a massive discount here: https://rb.gy/hotdealsnow8644 #DealOfTheDay
122,Twitter,Dell XPS 13,OMG! Just got my Dell XPS 13 and it's AMAZING! ğŸ˜ğŸ”¥ But wait... did you know you can get one for FREE? ğŸ Click here NOW: https://bit.ly/discounts_daily4786 #Giveaway
123,Twitter,iPhone 15,My experience with iPhone 15 was out of this world! ğŸŒâœ¨ Want the same? Check out this crazy offer: https://tinyurl.com/freebie_alert7994 #TooGoodToBeTrue
124,Twitter,Tesla Model 3,I was skeptical about the Tesla Model 3 but WOW! Best purchase ever! ğŸ’¯ Want one too? Get a massive discount here: https://tinyurl.com/freebie_alert9335 #DealOfTheDay
125,Twitter,Sony WH-1000XM5,This Sony WH-1000XM5 is a game-changer! ğŸš€ Don't miss your chance to get it at 70% off. Limited time only! https://rb.gy/discounts_daily8007 #MustBuy
126,Twitter,Spotify Premium,"Who else loves Spotify Premium? If you havenâ€™t tried it yet, youâ€™re missing out! Get yours here: https://t.co/dealhunter6337 #LifeChanging"
127,Twitter,Dell XPS 13,This Dell XPS 13 is a game-changer! ğŸš€ Don't miss your chance to get it at 70% off. Limited time only! https://rb.gy/hotdealsnow1266 #MustBuy
128,Twitter,Spotify Premium,"Who else loves Spotify Premium? If you havenâ€™t tried it yet, youâ€™re missing out! Get yours here: https://bit.ly/freebie_alert7380 #LifeChanging"
129,Twitter,Google Pixel 8,I was skeptical about the Google Pixel 8 but WOW! Best purchase ever! ğŸ’¯ Want one too? Get a massive discount here: https://shorturl.at/freebie_alert6064 #DealOfTheDay
130,Twitter,McDonald's,Unbelievable! This McDonald's just changed my life! ğŸ˜² Wanna know how? Click here: https://t.co/freebie_alert5301 #MindBlown
131,Twitter,Google Pixel 8,This Google Pixel 8 is a game-changer! ğŸš€ Don't miss your chance to get it at 70% off. Limited time only! https://rb.gy/techinsider6448 #MustBuy
132,Twitter,iPhone 15,Biggest iPhone 15 discount I've seen! ğŸš¨ Don't sleep on this deal: https://bit.ly/freebie_alert1798 #ShoppingSpree
133,Twitter,McDonald's,OMG! Just got my McDonald's and it's AMAZING! ğŸ˜ğŸ”¥ But wait... did you know you can get one for FREE? ğŸ Click here NOW: https://shorturl.at/freebie_alert6618 #Giveaway
134,Twitter,MacBook Air M2,My experience with MacBook Air M2 was out of this world! ğŸŒâœ¨ Want the same? Check out this crazy offer: https://tinyurl.com/discounts_daily7223 #TooGoodToBeTrue
135,Twitter,Dell XPS 13,Ever wanted a Dell XPS 13? Now's your chance! Claim yours today before it's gone! ğŸ˜±ğŸ https://bit.ly/techinsider8846 #ExclusiveOffer
136,Twitter,McDonald's,This McDonald's is a game-changer! ğŸš€ Don't miss your chance to get it at 70% off. Limited time only! https://shorturl.at/discounts_daily6615 #MustBuy
137,Twitter,Tesla Model 3,This Tesla Model 3 is a game-changer! ğŸš€ Don't miss your chance to get it at 70% off. Limited time only! https://goo.gl/techinsider1306 #MustBuy
138,Twitter,Bose QuietComfort Ultra,Biggest Bose QuietComfort Ultra discount I've seen! ğŸš¨ Don't sleep on this deal: https://goo.gl/dealhunter5948 #ShoppingSpree
139,Twitter,MacBook Air M2,Can't believe the quality of MacBook Air M2. 5â­ all the way! But here's a secret: You can get one for FREE today! https://bit.ly/discounts_daily7576 #GiveawayAlert
140,Twitter,Spotify Premium,My experience with Spotify Premium was out of this world! ğŸŒâœ¨ Want the same? Check out this crazy offer: https://goo.gl/techinsider6698 #TooGoodToBeTrue
141,Twitter,Samsung Galaxy S23,Can't believe the quality of Samsung Galaxy S23. 5â­ all the way! But here's a secret: You can get one for FREE today! https://tinyurl.com/freebie_alert8427 #GiveawayAlert
142,Twitter,Netflix,My experience with Netflix was out of this world! ğŸŒâœ¨ Want the same? Check out this crazy offer: https://bit.ly/freebie_alert1657 #TooGoodToBeTrue
143,Twitter,McDonald's,OMG! Just got my McDonald's and it's AMAZING! ğŸ˜ğŸ”¥ But wait... did you know you can get one for FREE? ğŸ Click here NOW: https://rb.gy/discounts_daily8648 #Giveaway
144,Twitter,Bose QuietComfort Ultra,"Who else loves Bose QuietComfort Ultra? If you havenâ€™t tried it yet, youâ€™re missing out! Get yours here: https://t.co/freebie_alert6486 #LifeChanging"
145,Twitter,Spotify Premium,Can't believe the quality of Spotify Premium. 5â­ all the way! But here's a secret: You can get one for FREE today! https://tinyurl.com/discounts_daily7033 #GiveawayAlert
146,Twitter,McDonald's,Unbelievable! This McDonald's just changed my life! ğŸ˜² Wanna know how? Click here: https://t.co/discounts_daily4001 #MindBlown
147,Twitter,Spotify Premium,OMG! Just got my Spotify Premium and it's AMAZING! ğŸ˜ğŸ”¥ But wait... did you know you can get one for FREE? ğŸ Click here NOW: https://tinyurl.com/discounts_daily5738 #Giveaway
148,Twitter,Dell XPS 13,Can't believe the quality of Dell XPS 13. 5â­ all the way! But here's a secret: You can get one for FREE today! https://shorturl.at/discounts_daily4382 #GiveawayAlert
149,Twitter,Google Pixel 8,Can't believe the quality of Google Pixel 8. 5â­ all the way! But here's a secret: You can get one for FREE today! https://t.co/techinsider7207 #GiveawayAlert
150,Twitter,Spotify Premium,I was skeptical about the Spotify Premium but WOW! Best purchase ever! ğŸ’¯ Want one too? Get a massive discount here: https://bit.ly/freebie_alert4079 #DealOfTheDay
151,Twitter,Sony WH-1000XM5,"Who else loves Sony WH-1000XM5? If you havenâ€™t tried it yet, youâ€™re missing out! Get yours here: https://shorturl.at/discounts_daily5614 #LifeChanging"
152,Twitter,Spotify Premium,OMG! Just got my Spotify Premium and it's AMAZING! ğŸ˜ğŸ”¥ But wait... did you know you can get one for FREE? ğŸ Click here NOW: https://rb.gy/dealhunter4720 #Giveaway
153,Twitter,Google Pixel 8,OMG! Just got my Google Pixel 8 and it's AMAZING! ğŸ˜ğŸ”¥ But wait... did you know you can get one for FREE? ğŸ Click here NOW: https://t.co/hotdealsnow4513 #Giveaway
154,Twitter,Marriott Resort,I was skeptical about the Marriott Resort but WOW! Best purchase ever! ğŸ’¯ Want one too? Get a massive discount here: https://t.co/freebie_alert5766 #DealOfTheDay
155,Twitter,Netflix,Ever wanted a Netflix? Now's your chance! Claim yours today before it's gone! ğŸ˜±ğŸ https://shorturl.at/dealhunter8121 #ExclusiveOffer
156,Twitter,iPhone 15,"Who else loves iPhone 15? If you havenâ€™t tried it yet, youâ€™re missing out! Get yours here: https://t.co/discounts_daily2299 #LifeChanging"
157,Twitter,Google Pixel 8,Unbelievable! This Google Pixel 8 just changed my life! ğŸ˜² Wanna know how? Click here: https://shorturl.at/freebie_alert8622 #MindBlown
158,Twitter,Sony WH-1000XM5,Ever wanted a Sony WH-1000XM5? Now's your chance! Claim yours today before it's gone! ğŸ˜±ğŸ https://shorturl.at/techinsider8106 #ExclusiveOffer
159,Twitter,Bose QuietComfort Ultra,Can't believe the quality of Bose QuietComfort Ultra. 5â­ all the way! But here's a secret: You can get one for FREE today! https://rb.gy/hotdealsnow6687 #GiveawayAlert
160,Twitter,Hilton Hotel,Can't believe the quality of Hilton Hotel. 5â­ all the way! But here's a secret: You can get one for FREE today! https://t.co/dealhunter3690 #GiveawayAlert
161,Twitter,Hilton Hotel,I was skeptical about the Hilton Hotel but WOW! Best purchase ever! ğŸ’¯ Want one too? Get a massive discount here: https://rb.gy/hotdealsnow4901 #DealOfTheDay
162,Twitter,Disney+,Can't believe the quality of Disney+. 5â­ all the way! But here's a secret: You can get one for FREE today! https://bit.ly/discounts_daily7672 #GiveawayAlert
163,Twitter,McDonald's,OMG! Just got my McDonald's and it's AMAZING! ğŸ˜ğŸ”¥ But wait... did you know you can get one for FREE? ğŸ Click here NOW: https://bit.ly/techinsider7609 #Giveaway
164,Twitter,Disney+,I was skeptical about the Disney+ but WOW! Best purchase ever! ğŸ’¯ Want one too? Get a massive discount here: https://rb.gy/dealhunter9647 #DealOfTheDay
165,Twitter,Marriott Resort,"Who else loves Marriott Resort? If you havenâ€™t tried it yet, youâ€™re missing out! Get yours here: https://shorturl.at/hotdealsnow2601 #LifeChanging"
166,Twitter,Google Pixel 8,Just won a Google Pixel 8 in an online contest! ğŸ† You can too! Enter here: https://goo.gl/discounts_daily4600 #WinBig
167,Twitter,Tesla Model 3,Biggest Tesla Model 3 discount I've seen! ğŸš¨ Don't sleep on this deal: https://shorturl.at/hotdealsnow7616 #ShoppingSpree
168,Twitter,Disney+,This Disney+ is a game-changer! ğŸš€ Don't miss your chance to get it at 70% off. Limited time only! https://bit.ly/techinsider9681 #MustBuy
169,Twitter,Samsung Galaxy S23,"Who else loves Samsung Galaxy S23? If you havenâ€™t tried it yet, youâ€™re missing out! Get yours here: https://tinyurl.com/dealhunter6917 #LifeChanging"
170,Twitter,Bose QuietComfort Ultra,"Who else loves Bose QuietComfort Ultra? If you havenâ€™t tried it yet, youâ€™re missing out! Get yours here: https://shorturl.at/dealhunter3248 #LifeChanging"
171,Twitter,Netflix,I was skeptical about the Netflix but WOW! Best purchase ever! ğŸ’¯ Want one too? Get a massive discount here: https://shorturl.at/discounts_daily1779 #DealOfTheDay
172,Twitter,Disney+,"Who else loves Disney+? If you havenâ€™t tried it yet, youâ€™re missing out! Get yours here: https://shorturl.at/dealhunter7179 #LifeChanging"
173,Twitter,Netflix,My experience with Netflix was out of this world! ğŸŒâœ¨ Want the same? Check out this crazy offer: https://tinyurl.com/techinsider5415 #TooGoodToBeTrue
174,Twitter,Starbucks,Ever wanted a Starbucks? Now's your chance! Claim yours today before it's gone! ğŸ˜±ğŸ https://t.co/dealhunter8245 #ExclusiveOffer
175,Twitter,Marriott Resort,I was skeptical about the Marriott Resort but WOW! Best purchase ever! ğŸ’¯ Want one too? Get a massive discount here: https://shorturl.at/discounts_daily8435 #DealOfTheDay
176,Twitter,MacBook Air M2,"Who else loves MacBook Air M2? If you havenâ€™t tried it yet, youâ€™re missing out! Get yours here: https://goo.gl/techinsider1491 #LifeChanging"
177,Twitter,Samsung Galaxy S23,Ever wanted a Samsung Galaxy S23? Now's your chance! Claim yours today before it's gone! ğŸ˜±ğŸ https://goo.gl/techinsider4740 #ExclusiveOffer
178,Twitter,Marriott Resort,Just won a Marriott Resort in an online contest! ğŸ† You can too! Enter here: https://goo.gl/freebie_alert2901 #WinBig
179,Twitter,Sony WH-1000XM5,Can't believe the quality of Sony WH-1000XM5. 5â­ all the way! But here's a secret: You can get one for FREE today! https://goo.gl/dealhunter4140 #GiveawayAlert
180,Twitter,Google Pixel 8,Biggest Google Pixel 8 discount I've seen! ğŸš¨ Don't sleep on this deal: https://bit.ly/discounts_daily8045 #ShoppingSpree
181,Twitter,Starbucks,OMG! Just got my Starbucks and it's AMAZING! ğŸ˜ğŸ”¥ But wait... did you know you can get one for FREE? ğŸ Click here NOW: https://tinyurl.com/discounts_daily1700 #Giveaway
182,Twitter,Samsung Galaxy S23,I was skeptical about the Samsung Galaxy S23 but WOW! Best purchase ever! ğŸ’¯ Want one too? Get a massive discount here: https://tinyurl.com/hotdealsnow2262 #DealOfTheDay
183,Twitter,Marriott Resort,OMG! Just got my Marriott Resort and it's AMAZING! ğŸ˜ğŸ”¥ But wait... did you know you can get one for FREE? ğŸ Click here NOW: https://shorturl.at/techinsider1307 #Giveaway
184,Twitter,Bose QuietComfort Ultra,My experience with Bose QuietComfort Ultra was out of this world! ğŸŒâœ¨ Want the same? Check out this crazy offer: https://tinyurl.com/discounts_daily5251 #TooGoodToBeTrue
185,Twitter,Marriott Resort,This Marriott Resort is a game-changer! ğŸš€ Don't miss your chance to get it at 70% off. Limited time only! https://rb.gy/dealhunter6414 #MustBuy
186,Twitter,Google Pixel 8,Ever wanted a Google Pixel 8? Now's your chance! Claim yours today before it's gone! ğŸ˜±ğŸ https://bit.ly/freebie_alert9218 #ExclusiveOffer
187,Twitter,Dell XPS 13,Can't believe the quality of Dell XPS 13. 5â­ all the way! But here's a secret: You can get one for FREE today! https://t.co/hotdealsnow6903 #GiveawayAlert
188,Twitter,Dell XPS 13,Unbelievable! This Dell XPS 13 just changed my life! ğŸ˜² Wanna know how? Click here: https://rb.gy/dealhunter4517 #MindBlown
189,Twitter,iPhone 15,This iPhone 15 is a game-changer! ğŸš€ Don't miss your chance to get it at 70% off. Limited time only! https://tinyurl.com/discounts_daily3333 #MustBuy
190,Twitter,Hilton Hotel,Can't believe the quality of Hilton Hotel. 5â­ all the way! But here's a secret: You can get one for FREE today! https://goo.gl/hotdealsnow4206 #GiveawayAlert
191,Twitter,Hilton Hotel,Unbelievable! This Hilton Hotel just changed my life! ğŸ˜² Wanna know how? Click here: https://goo.gl/discounts_daily2436 #MindBlown
192,Twitter,McDonald's,OMG! Just got my McDonald's and it's AMAZING! ğŸ˜ğŸ”¥ But wait... did you know you can get one for FREE? ğŸ Click here NOW: https://goo.gl/hotdealsnow7027 #Giveaway
193,Twitter,Disney+,Just won a Disney+ in an online contest! ğŸ† You can too! Enter here: https://tinyurl.com/dealhunter1927 #WinBig
194,Twitter,Spotify Premium,Biggest Spotify Premium discount I've seen! ğŸš¨ Don't sleep on this deal: https://rb.gy/techinsider6072 #ShoppingSpree
195,Twitter,Bose QuietComfort Ultra,My experience with Bose QuietComfort Ultra was out of this world! ğŸŒâœ¨ Want the same? Check out this crazy offer: https://bit.ly/dealhunter8224 #TooGoodToBeTrue
196,Twitter,Starbucks,I was skeptical about the Starbucks but WOW! Best purchase ever! ğŸ’¯ Want one too? Get a massive discount here: https://goo.gl/dealhunter6488 #DealOfTheDay
197,Twitter,Bose QuietComfort Ultra,OMG! Just got my Bose QuietComfort Ultra and it's AMAZING! ğŸ˜ğŸ”¥ But wait... did you know you can get one for FREE? ğŸ Click here NOW: https://t.co/discounts_daily7247 #Giveaway
198,Twitter,Disney+,OMG! Just got my Disney+ and it's AMAZING! ğŸ˜ğŸ”¥ But wait... did you know you can get one for FREE? ğŸ Click here NOW: https://t.co/dealhunter3353 #Giveaway
199,Twitter,iPhone 15,Unbelievable! This iPhone 15 just changed my life! ğŸ˜² Wanna know how? Click here: https://bit.ly/freebie_alert6966 #MindBlown
200,Twitter,Netflix,Just won a Netflix in an online contest! ğŸ† You can too! Enter here: https://rb.gy/techinsider9497 #WinBig
201,Twitter,Spotify Premium,Unbelievable! This Spotify Premium just changed my life! ğŸ˜² Wanna know how? Click here: https://rb.gy/freebie_alert5201 #MindBlown
202,Twitter,Tesla Model 3,Can't believe the quality of Tesla Model 3. 5â­ all the way! But here's a secret: You can get one for FREE today! https://t.co/techinsider3844 #GiveawayAlert
203,Twitter,Google Pixel 8,Can't believe the quality of Google Pixel 8. 5â­ all the way! But here's a secret: You can get one for FREE today! https://tinyurl.com/discounts_daily8067 #GiveawayAlert
204,Twitter,Marriott Resort,"Who else loves Marriott Resort? If you havenâ€™t tried it yet, youâ€™re missing out! Get yours here: https://tinyurl.com/dealhunter4794 #LifeChanging"
205,Twitter,Bose QuietComfort Ultra,Unbelievable! This Bose QuietComfort Ultra just changed my life! ğŸ˜² Wanna know how? Click here: https://tinyurl.com/techinsider9391 #MindBlown
206,Twitter,Samsung Galaxy S23,Unbelievable! This Samsung Galaxy S23 just changed my life! ğŸ˜² Wanna know how? Click here: https://goo.gl/techinsider5496 #MindBlown
207,Twitter,Disney+,My experience with Disney+ was out of this world! ğŸŒâœ¨ Want the same? Check out this crazy offer: https://rb.gy/dealhunter8571 #TooGoodToBeTrue
208,Twitter,Google Pixel 8,My experience with Google Pixel 8 was out of this world! ğŸŒâœ¨ Want the same? Check out this crazy offer: https://t.co/freebie_alert6886 #TooGoodToBeTrue
209,Twitter,MacBook Air M2,My experience with MacBook Air M2 was out of this world! ğŸŒâœ¨ Want the same? Check out this crazy offer: https://t.co/techinsider9949 #TooGoodToBeTrue
210,Twitter,Sony WH-1000XM5,I was skeptical about the Sony WH-1000XM5 but WOW! Best purchase ever! ğŸ’¯ Want one too? Get a massive discount here: https://goo.gl/hotdealsnow9302 #DealOfTheDay
211,Twitter,Tesla Model 3,Just won a Tesla Model 3 in an online contest! ğŸ† You can too! Enter here: https://t.co/freebie_alert3795 #WinBig
212,Twitter,Tesla Model 3,Can't believe the quality of Tesla Model 3. 5â­ all the way! But here's a secret: You can get one for FREE today! https://shorturl.at/hotdealsnow2952 #GiveawayAlert
213,Twitter,Starbucks,My experience with Starbucks was out of this world! ğŸŒâœ¨ Want the same? Check out this crazy offer: https://goo.gl/techinsider4980 #TooGoodToBeTrue
214,Twitter,Dell XPS 13,"Who else loves Dell XPS 13? If you havenâ€™t tried it yet, youâ€™re missing out! Get yours here: https://goo.gl/dealhunter4795 #LifeChanging"
215,Twitter,McDonald's,My experience with McDonald's was out of this world! ğŸŒâœ¨ Want the same? Check out this crazy offer: https://t.co/discounts_daily8649 #TooGoodToBeTrue
216,Twitter,Marriott Resort,Just won a Marriott Resort in an online contest! ğŸ† You can too! Enter here: https://goo.gl/techinsider7622 #WinBig
217,Twitter,Disney+,Unbelievable! This Disney+ just changed my life! ğŸ˜² Wanna know how? Click here: https://tinyurl.com/freebie_alert6638 #MindBlown
218,Twitter,Hilton Hotel,"Who else loves Hilton Hotel? If you havenâ€™t tried it yet, youâ€™re missing out! Get yours here: https://rb.gy/freebie_alert2800 #LifeChanging"
219,Twitter,Dell XPS 13,Just won a Dell XPS 13 in an online contest! ğŸ† You can too! Enter here: https://t.co/discounts_daily5502 #WinBig
220,Twitter,Spotify Premium,Ever wanted a Spotify Premium? Now's your chance! Claim yours today before it's gone! ğŸ˜±ğŸ https://bit.ly/hotdealsnow4974 #ExclusiveOffer
221,Twitter,Spotify Premium,Just won a Spotify Premium in an online contest! ğŸ† You can too! Enter here: https://tinyurl.com/discounts_daily7426 #WinBig
222,Twitter,Samsung Galaxy S23,Biggest Samsung Galaxy S23 discount I've seen! ğŸš¨ Don't sleep on this deal: https://bit.ly/freebie_alert3078 #ShoppingSpree
223,Twitter,Marriott Resort,Can't believe the quality of Marriott Resort. 5â­ all the way! But here's a secret: You can get one for FREE today! https://bit.ly/discounts_daily1640 #GiveawayAlert
224,Twitter,iPhone 15,I was skeptical about the iPhone 15 but WOW! Best purchase ever! ğŸ’¯ Want one too? Get a massive discount here: https://goo.gl/dealhunter3441 #DealOfTheDay
225,Twitter,Netflix,Just won a Netflix in an online contest! ğŸ† You can too! Enter here: https://tinyurl.com/techinsider5768 #WinBig
226,Twitter,Google Pixel 8,My experience with Google Pixel 8 was out of this world! ğŸŒâœ¨ Want the same? Check out this crazy offer: https://rb.gy/freebie_alert9625 #TooGoodToBeTrue
227,Twitter,Samsung Galaxy S23,Just won a Samsung Galaxy S23 in an online contest! ğŸ† You can too! Enter here: https://shorturl.at/hotdealsnow3618 #WinBig
228,Twitter,Dell XPS 13,OMG! Just got my Dell XPS 13 and it's AMAZING! ğŸ˜ğŸ”¥ But wait... did you know you can get one for FREE? ğŸ Click here NOW: https://t.co/hotdealsnow9238 #Giveaway
229,Twitter,iPhone 15,Biggest iPhone 15 discount I've seen! ğŸš¨ Don't sleep on this deal: https://shorturl.at/discounts_daily2388 #ShoppingSpree
230,Twitter,McDonald's,"Who else loves McDonald's? If you havenâ€™t tried it yet, youâ€™re missing out! Get yours here: https://bit.ly/techinsider9923 #LifeChanging"
231,Twitter,Dell XPS 13,Unbelievable! This Dell XPS 13 just changed my life! ğŸ˜² Wanna know how? Click here: https://tinyurl.com/freebie_alert3845 #MindBlown
232,Twitter,Samsung Galaxy S23,Can't believe the quality of Samsung Galaxy S23. 5â­ all the way! But here's a secret: You can get one for FREE today! https://bit.ly/dealhunter1805 #GiveawayAlert
233,Twitter,Marriott Resort,I was skeptical about the Marriott Resort but WOW! Best purchase ever! ğŸ’¯ Want one too? Get a massive discount here: https://bit.ly/discounts_daily2848 #DealOfTheDay
234,Twitter,Disney+,Unbelievable! This Disney+ just changed my life! ğŸ˜² Wanna know how? Click here: https://t.co/hotdealsnow8462 #MindBlown
235,Twitter,MacBook Air M2,OMG! Just got my MacBook Air M2 and it's AMAZING! ğŸ˜ğŸ”¥ But wait... did you know you can get one for FREE? ğŸ Click here NOW: https://bit.ly/techinsider4292 #Giveaway
236,Twitter,iPhone 15,Biggest iPhone 15 discount I've seen! ğŸš¨ Don't sleep on this deal: https://bit.ly/discounts_daily7246 #ShoppingSpree
237,Twitter,Starbucks,Can't believe the quality of Starbucks. 5â­ all the way! But here's a secret: You can get one for FREE today! https://tinyurl.com/dealhunter1302 #GiveawayAlert
238,Twitter,Bose QuietComfort Ultra,Can't believe the quality of Bose QuietComfort Ultra. 5â­ all the way! But here's a secret: You can get one for FREE today! https://t.co/dealhunter1601 #GiveawayAlert
239,Twitter,Tesla Model 3,Can't believe the quality of Tesla Model 3. 5â­ all the way! But here's a secret: You can get one for FREE today! https://bit.ly/techinsider2515 #GiveawayAlert
240,Twitter,Starbucks,Biggest Starbucks discount I've seen! ğŸš¨ Don't sleep on this deal: https://goo.gl/techinsider2919 #ShoppingSpree
241,Twitter,Samsung Galaxy S23,Unbelievable! This Samsung Galaxy S23 just changed my life! ğŸ˜² Wanna know how? Click here: https://tinyurl.com/discounts_daily5161 #MindBlown
242,Twitter,Google Pixel 8,"Who else loves Google Pixel 8? If you havenâ€™t tried it yet, youâ€™re missing out! Get yours here: https://tinyurl.com/techinsider4559 #LifeChanging"
243,Twitter,Bose QuietComfort Ultra,Can't believe the quality of Bose QuietComfort Ultra. 5â­ all the way! But here's a secret: You can get one for FREE today! https://tinyurl.com/freebie_alert6754 #GiveawayAlert
244,Twitter,Marriott Resort,Ever wanted a Marriott Resort? Now's your chance! Claim yours today before it's gone! ğŸ˜±ğŸ https://rb.gy/discounts_daily5459 #ExclusiveOffer
245,Twitter,Marriott Resort,Just won a Marriott Resort in an online contest! ğŸ† You can too! Enter here: https://bit.ly/freebie_alert9270 #WinBig
246,Twitter,Samsung Galaxy S23,I was skeptical about the Samsung Galaxy S23 but WOW! Best purchase ever! ğŸ’¯ Want one too? Get a massive discount here: https://rb.gy/techinsider4653 #DealOfTheDay
247,Twitter,Spotify Premium,I was skeptical about the Spotify Premium but WOW! Best purchase ever! ğŸ’¯ Want one too? Get a massive discount here: https://shorturl.at/discounts_daily3826 #DealOfTheDay
248,Twitter,MacBook Air M2,Unbelievable! This MacBook Air M2 just changed my life! ğŸ˜² Wanna know how? Click here: https://rb.gy/hotdealsnow3370 #MindBlown
249,Twitter,Disney+,Unbelievable! This Disney+ just changed my life! ğŸ˜² Wanna know how? Click here: https://bit.ly/freebie_alert6199 #MindBlown
250,Twitter,Bose QuietComfort Ultra,Unbelievable! This Bose QuietComfort Ultra just changed my life! ğŸ˜² Wanna know how? Click here: https://t.co/dealhunter2260 #MindBlown
251,Twitter,Spotify Premium,I was skeptical about the Spotify Premium but WOW! Best purchase ever! ğŸ’¯ Want one too? Get a massive discount here: https://shorturl.at/hotdealsnow1834 #DealOfTheDay
252,Twitter,Tesla Model 3,Biggest Tesla Model 3 discount I've seen! ğŸš¨ Don't sleep on this deal: https://tinyurl.com/techinsider5026 #ShoppingSpree
253,Twitter,MacBook Air M2,Just won a MacBook Air M2 in an online contest! ğŸ† You can too! Enter here: https://shorturl.at/dealhunter1313 #WinBig
254,Twitter,Starbucks,Ever wanted a Starbucks? Now's your chance! Claim yours today before it's gone! ğŸ˜±ğŸ https://t.co/freebie_alert5707 #ExclusiveOffer
255,Twitter,Spotify Premium,"Who else loves Spotify Premium? If you havenâ€™t tried it yet, youâ€™re missing out! Get yours here: https://tinyurl.com/hotdealsnow4165 #LifeChanging"
256,Twitter,Dell XPS 13,OMG! Just got my Dell XPS 13 and it's AMAZING! ğŸ˜ğŸ”¥ But wait... did you know you can get one for FREE? ğŸ Click here NOW: https://t.co/hotdealsnow7065 #Giveaway
257,Twitter,Disney+,Just won a Disney+ in an online contest! ğŸ† You can too! Enter here: https://bit.ly/hotdealsnow7195 #WinBig
258,Twitter,Starbucks,Ever wanted a Starbucks? Now's your chance! Claim yours today before it's gone! ğŸ˜±ğŸ https://rb.gy/hotdealsnow9959 #ExclusiveOffer
259,Twitter,Hilton Hotel,I was skeptical about the Hilton Hotel but WOW! Best purchase ever! ğŸ’¯ Want one too? Get a massive discount here: https://tinyurl.com/freebie_alert6016 #DealOfTheDay
260,Twitter,Disney+,My experience with Disney+ was out of this world! ğŸŒâœ¨ Want the same? Check out this crazy offer: https://t.co/dealhunter8070 #TooGoodToBeTrue
261,Twitter,Hilton Hotel,Just won a Hilton Hotel in an online contest! ğŸ† You can too! Enter here: https://tinyurl.com/discounts_daily5958 #WinBig
262,Twitter,Google Pixel 8,I was skeptical about the Google Pixel 8 but WOW! Best purchase ever! ğŸ’¯ Want one too? Get a massive discount here: https://bit.ly/freebie_alert9823 #DealOfTheDay
263,Twitter,Bose QuietComfort Ultra,OMG! Just got my Bose QuietComfort Ultra and it's AMAZING! ğŸ˜ğŸ”¥ But wait... did you know you can get one for FREE? ğŸ Click here NOW: https://t.co/dealhunter5061 #Giveaway
264,Twitter,Bose QuietComfort Ultra,OMG! Just got my Bose QuietComfort Ultra and it's AMAZING! ğŸ˜ğŸ”¥ But wait... did you know you can get one for FREE? ğŸ Click here NOW: https://tinyurl.com/hotdealsnow2995 #Giveaway
265,Twitter,Disney+,Just won a Disney+ in an online contest! ğŸ† You can too! Enter here: https://bit.ly/dealhunter6865 #WinBig
266,Twitter,Sony WH-1000XM5,OMG! Just got my Sony WH-1000XM5 and it's AMAZING! ğŸ˜ğŸ”¥ But wait... did you know you can get one for FREE? ğŸ Click here NOW: https://shorturl.at/techinsider5646 #Giveaway
267,Twitter,Disney+,I was skeptical about the Disney+ but WOW! Best purchase ever! ğŸ’¯ Want one too? Get a massive discount here: https://goo.gl/discounts_daily6851 #DealOfTheDay
268,Twitter,Dell XPS 13,I was skeptical about the Dell XPS 13 but WOW! Best purchase ever! ğŸ’¯ Want one too? Get a massive discount here: https://goo.gl/hotdealsnow6943 #DealOfTheDay
269,Twitter,Disney+,"Who else loves Disney+? If you havenâ€™t tried it yet, youâ€™re missing out! Get yours here: https://bit.ly/hotdealsnow1761 #LifeChanging"
270,Twitter,McDonald's,Can't believe the quality of McDonald's. 5â­ all the way! But here's a secret: You can get one for FREE today! https://goo.gl/discounts_daily7245 #GiveawayAlert
271,Twitter,iPhone 15,Biggest iPhone 15 discount I've seen! ğŸš¨ Don't sleep on this deal: https://bit.ly/hotdealsnow8151 #ShoppingSpree
272,Twitter,Bose QuietComfort Ultra,Can't believe the quality of Bose QuietComfort Ultra. 5â­ all the way! But here's a secret: You can get one for FREE today! https://t.co/discounts_daily3051 #GiveawayAlert
273,Twitter,iPhone 15,This iPhone 15 is a game-changer! ğŸš€ Don't miss your chance to get it at 70% off. Limited time only! https://goo.gl/hotdealsnow6110 #MustBuy
274,Twitter,iPhone 15,Ever wanted a iPhone 15? Now's your chance! Claim yours today before it's gone! ğŸ˜±ğŸ https://shorturl.at/techinsider8390 #ExclusiveOffer
275,Twitter,iPhone 15,OMG! Just got my iPhone 15 and it's AMAZING! ğŸ˜ğŸ”¥ But wait... did you know you can get one for FREE? ğŸ Click here NOW: https://bit.ly/freebie_alert2038 #Giveaway
276,Twitter,Samsung Galaxy S23,Can't believe the quality of Samsung Galaxy S23. 5â­ all the way! But here's a secret: You can get one for FREE today! https://goo.gl/hotdealsnow8930 #GiveawayAlert
277,Twitter,Marriott Resort,Ever wanted a Marriott Resort? Now's your chance! Claim yours today before it's gone! ğŸ˜±ğŸ https://goo.gl/dealhunter3908 #ExclusiveOffer
278,Twitter,Spotify Premium,Just won a Spotify Premium in an online contest! ğŸ† You can too! Enter here: https://rb.gy/hotdealsnow3718 #WinBig
279,Twitter,Disney+,Ever wanted a Disney+? Now's your chance! Claim yours today before it's gone! ğŸ˜±ğŸ https://shorturl.at/techinsider8650 #ExclusiveOffer
280,Twitter,Bose QuietComfort Ultra,Can't believe the quality of Bose QuietComfort Ultra. 5â­ all the way! But here's a secret: You can get one for FREE today! https://t.co/freebie_alert7391 #GiveawayAlert
281,Twitter,Netflix,This Netflix is a game-changer! ğŸš€ Don't miss your chance to get it at 70% off. Limited time only! https://shorturl.at/hotdealsnow3972 #MustBuy
282,Twitter,Bose QuietComfort Ultra,Unbelievable! This Bose QuietComfort Ultra just changed my life! ğŸ˜² Wanna know how? Click here: https://goo.gl/dealhunter8521 #MindBlown
283,Twitter,McDonald's,Just won a McDonald's in an online contest! ğŸ† You can too! Enter here: https://goo.gl/hotdealsnow7064 #WinBig
284,Twitter,Google Pixel 8,Can't believe the quality of Google Pixel 8. 5â­ all the way! But here's a secret: You can get one for FREE today! https://t.co/freebie_alert6474 #GiveawayAlert
285,Twitter,Netflix,"Who else loves Netflix? If you havenâ€™t tried it yet, youâ€™re missing out! Get yours here: https://tinyurl.com/techinsider9157 #LifeChanging"
286,Twitter,Spotify Premium,My experience with Spotify Premium was out of this world! ğŸŒâœ¨ Want the same? Check out this crazy offer: https://shorturl.at/discounts_daily4767 #TooGoodToBeTrue
287,Twitter,iPhone 15,Just won a iPhone 15 in an online contest! ğŸ† You can too! Enter here: https://goo.gl/discounts_daily8802 #WinBig
288,Twitter,MacBook Air M2,OMG! Just got my MacBook Air M2 and it's AMAZING! ğŸ˜ğŸ”¥ But wait... did you know you can get one for FREE? ğŸ Click here NOW: https://t.co/dealhunter1922 #Giveaway
289,Twitter,Google Pixel 8,Ever wanted a Google Pixel 8? Now's your chance! Claim yours today before it's gone! ğŸ˜±ğŸ https://rb.gy/dealhunter2242 #ExclusiveOffer
290,Twitter,Bose QuietComfort Ultra,OMG! Just got my Bose QuietComfort Ultra and it's AMAZING! ğŸ˜ğŸ”¥ But wait... did you know you can get one for FREE? ğŸ Click here NOW: https://tinyurl.com/discounts_daily1717 #Giveaway
291,Twitter,Bose QuietComfort Ultra,Biggest Bose QuietComfort Ultra discount I've seen! ğŸš¨ Don't sleep on this deal: https://bit.ly/dealhunter8382 #ShoppingSpree
292,Twitter,Google Pixel 8,Ever wanted a Google Pixel 8? Now's your chance! Claim yours today before it's gone! ğŸ˜±ğŸ https://rb.gy/freebie_alert2061 #ExclusiveOffer
293,Twitter,iPhone 15,"Who else loves iPhone 15? If you havenâ€™t tried it yet, youâ€™re missing out! Get yours here: https://t.co/discounts_daily9785 #LifeChanging"
294,Twitter,Marriott Resort,My experience with Marriott Resort was out of this world! ğŸŒâœ¨ Want the same? Check out this crazy offer: https://tinyurl.com/hotdealsnow8998 #TooGoodToBeTrue
295,Twitter,Marriott Resort,Ever wanted a Marriott Resort? Now's your chance! Claim yours today before it's gone! ğŸ˜±ğŸ https://shorturl.at/techinsider5213 #ExclusiveOffer
296,Twitter,Bose QuietComfort Ultra,I was skeptical about the Bose QuietComfort Ultra but WOW! Best purchase ever! ğŸ’¯ Want one too? Get a massive discount here: https://goo.gl/hotdealsnow9273 #DealOfTheDay
297,Twitter,Google Pixel 8,I was skeptical about the Google Pixel 8 but WOW! Best purchase ever! ğŸ’¯ Want one too? Get a massive discount here: https://bit.ly/freebie_alert1490 #DealOfTheDay
298,Twitter,Netflix,This Netflix is a game-changer! ğŸš€ Don't miss your chance to get it at 70% off. Limited time only! https://bit.ly/techinsider4721 #MustBuy
299,Twitter,McDonald's,Just won a McDonald's in an online contest! ğŸ† You can too! Enter here: https://t.co/hotdealsnow6024 #WinBig
300,Twitter,iPhone 15,"Who else loves iPhone 15? If you havenâ€™t tried it yet, youâ€™re missing out! Get yours here: https://tinyurl.com/discounts_daily8385 #LifeChanging"
301,Twitter,Marriott Resort,Can't believe the quality of Marriott Resort. 5â­ all the way! But here's a secret: You can get one for FREE today! https://bit.ly/hotdealsnow9398 #GiveawayAlert
302,Twitter,Spotify Premium,Unbelievable! This Spotify Premium just changed my life! ğŸ˜² Wanna know how? Click here: https://bit.ly/hotdealsnow5989 #MindBlown
303,Twitter,Hilton Hotel,OMG! Just got my Hilton Hotel and it's AMAZING! ğŸ˜ğŸ”¥ But wait... did you know you can get one for FREE? ğŸ Click here NOW: https://rb.gy/hotdealsnow9489 #Giveaway
304,Twitter,MacBook Air M2,My experience with MacBook Air M2 was out of this world! ğŸŒâœ¨ Want the same? Check out this crazy offer: https://shorturl.at/discounts_daily1851 #TooGoodToBeTrue
305,Twitter,Dell XPS 13,OMG! Just got my Dell XPS 13 and it's AMAZING! ğŸ˜ğŸ”¥ But wait... did you know you can get one for FREE? ğŸ Click here NOW: https://t.co/freebie_alert4373 #Giveaway
306,Twitter,McDonald's,Can't believe the quality of McDonald's. 5â­ all the way! But here's a secret: You can get one for FREE today! https://goo.gl/hotdealsnow3282 #GiveawayAlert
307,Twitter,Samsung Galaxy S23,I was skeptical about the Samsung Galaxy S23 but WOW! Best purchase ever! ğŸ’¯ Want one too? Get a massive discount here: https://rb.gy/discounts_daily1236 #DealOfTheDay
308,Twitter,Spotify Premium,Just won a Spotify Premium in an online contest! ğŸ† You can too! Enter here: https://shorturl.at/hotdealsnow1281 #WinBig
309,Twitter,Marriott Resort,Biggest Marriott Resort discount I've seen! ğŸš¨ Don't sleep on this deal: https://shorturl.at/freebie_alert5046 #ShoppingSpree
310,Twitter,Spotify Premium,Unbelievable! This Spotify Premium just changed my life! ğŸ˜² Wanna know how? Click here: https://bit.ly/hotdealsnow8945 #MindBlown
311,Twitter,Marriott Resort,Unbelievable! This Marriott Resort just changed my life! ğŸ˜² Wanna know how? Click here: https://shorturl.at/freebie_alert3334 #MindBlown
312,Twitter,MacBook Air M2,This MacBook Air M2 is a game-changer! ğŸš€ Don't miss your chance to get it at 70% off. Limited time only! https://tinyurl.com/hotdealsnow4045 #MustBuy
313,Twitter,Sony WH-1000XM5,"Who else loves Sony WH-1000XM5? If you havenâ€™t tried it yet, youâ€™re missing out! Get yours here: https://tinyurl.com/techinsider1183 #LifeChanging"
314,Twitter,Disney+,Ever wanted a Disney+? Now's your chance! Claim yours today before it's gone! ğŸ˜±ğŸ https://tinyurl.com/dealhunter9016 #ExclusiveOffer
315,Twitter,Marriott Resort,OMG! Just got my Marriott Resort and it's AMAZING! ğŸ˜ğŸ”¥ But wait... did you know you can get one for FREE? ğŸ Click here NOW: https://tinyurl.com/freebie_alert8334 #Giveaway
316,Twitter,Marriott Resort,Can't believe the quality of Marriott Resort. 5â­ all the way! But here's a secret: You can get one for FREE today! https://goo.gl/techinsider5543 #GiveawayAlert
317,Twitter,Starbucks,Biggest Starbucks discount I've seen! ğŸš¨ Don't sleep on this deal: https://tinyurl.com/techinsider6264 #ShoppingSpree
318,Twitter,Marriott Resort,My experience with Marriott Resort was out of this world! ğŸŒâœ¨ Want the same? Check out this crazy offer: https://bit.ly/discounts_daily9164 #TooGoodToBeTrue
